{"posicao_aberta": true, "num_compras": 1, "total_investido": 14.535760000000002, "total_qtd_comprada": 4e-05, "ultimo_preco_compra": 363394.0, "preco_medio": 363394.0, "valor_lote": 15.553466266300001}